title,company,location,hours_per_week,compensation,job_url,source
,A Virtual Mental Health Practice,Remote,,,https://www.fractionaljobs.io/jobs/partnerships-lead-at-a-virtual-mental-health-practice,fractionaljobs
,Waller Group,Remote,,,https://www.fractionaljobs.io/jobs/chief-marketing-officer-at-waller-group,fractionaljobs
,PaceControls,Remote,,,https://www.fractionaljobs.io/jobs/controller-at-pacecontrols,fractionaljobs
,Reins AI,Remote,,,https://www.fractionaljobs.io/jobs/principal-simulation-reliability-architect-at-reins-ai,fractionaljobs
,Avesha,Remote,,,https://www.fractionaljobs.io/jobs/financial-controller-at-avesha,fractionaljobs
,A Salesforce-based SaaS Tool,Remote,,,https://www.fractionaljobs.io/jobs/head-of-product-at-a-salesforce-based-saas-tool,fractionaljobs
,A B2B Media Tech Newsletter,Remote,,,https://www.fractionaljobs.io/jobs/sales-lead-at-a-b2b-media-tech-newsletter,fractionaljobs
,Graphite GTC,Remote,,,https://www.fractionaljobs.io/jobs/partner-development-manager-at-graphite-gtc-c0395,fractionaljobs
,Hyre,Remote,,,https://www.fractionaljobs.io/jobs/revenue-operations-manager-at-hyre,fractionaljobs
,Opus,Remote,,,https://www.fractionaljobs.io/jobs/recruiter-at-opus,fractionaljobs
,GOAL,Remote,,,https://www.fractionaljobs.io/jobs/vp-finance-at-goal,fractionaljobs
,Galt Pharmaceuticals,Remote,,,https://www.fractionaljobs.io/jobs/director-of-compliance-at-galt-pharmaceuticals,fractionaljobs
,A Virtual Mental Health Practice,Remote,,,https://www.fractionaljobs.io/jobs/chief-financial-officer-at-a-virtual-mental-health-practice,fractionaljobs
,Transitions Elite,Remote,,,https://www.fractionaljobs.io/jobs/marketing-director-at-transitions-elite,fractionaljobs
,Clarendon Partners,Remote,,,https://www.fractionaljobs.io/jobs/chief-commercial-officer-at-clarendon-partners,fractionaljobs
,Trucent,Remote,,,https://www.fractionaljobs.io/jobs/chief-financial-officer-at-trucent,fractionaljobs
,Accelerated Growth Studio,Remote,,,https://www.fractionaljobs.io/jobs/controller-at-accelerated-growth-studio,fractionaljobs
,ESource,Remote,,,https://www.fractionaljobs.io/jobs/learning-leader-at-esource,fractionaljobs
,PeakHealth,Remote,,,https://www.fractionaljobs.io/jobs/marketing-lead-at-peak-ai-health,fractionaljobs
,PeakHealth,Remote,,,https://www.fractionaljobs.io/jobs/fp-a-lead-at-peakhealth,fractionaljobs
,Acorns,Remote,,,https://www.fractionaljobs.io/jobs/brand-marketing-director-at-acorns,fractionaljobs
,Honey Badger Labs,Remote,,,https://www.fractionaljobs.io/jobs/growth-lead-at-honey-badger-labs,fractionaljobs
,Wildkin,Remote,,,https://www.fractionaljobs.io/jobs/growth-lead-at-wildkin,fractionaljobs
,mRelief,Remote,,,https://www.fractionaljobs.io/jobs/chief-technology-officer-at-mrelief,fractionaljobs
,Pixis Drones,Remote,,,https://www.fractionaljobs.io/jobs/director-of-finance-operations-at-pixis-drones,fractionaljobs
,DeFy Tickets,Remote,,,https://www.fractionaljobs.io/jobs/data-ml-architect-at-defy-tickets-bfe67,fractionaljobs
,Clarity Voice,Remote,,,https://www.fractionaljobs.io/jobs/controller-at-clarity-voice,fractionaljobs
,A Social eCommerce Marketplace,Remote,,,https://www.fractionaljobs.io/jobs/head-of-product-at-a-social-ecommerce-marketplace,fractionaljobs
,Reins AI,Remote,,,https://www.fractionaljobs.io/jobs/reliability-data-scientist-at-reins-ai,fractionaljobs
,Lepaya,Remote,,,https://www.fractionaljobs.io/jobs/senior-internal-it-manager-at-lepaya,fractionaljobs
,Blue Recycled Materials,Remote,,,https://www.fractionaljobs.io/jobs/controller-at-blue-recycled-materials,fractionaljobs
,Peach,Remote,,,https://www.fractionaljobs.io/jobs/chief-information-security-officer-at-peach-a3e7f,fractionaljobs
,An eCommerce Brand for Pickup Truck Enthusiasts,Remote,,,https://www.fractionaljobs.io/jobs/head-of-gtm-at-an-ecommerce-brand-for-pickup-truck-enthusiasts,fractionaljobs
,A Consumer Gen AI Startup,Remote,,,https://www.fractionaljobs.io/jobs/marketing-director-at-a-consumer-gen-ai-startup,fractionaljobs
,A Consumer Gen AI Startup,Remote,,,https://www.fractionaljobs.io/jobs/senior-backend-engineer-at-a-consumer-gen-ai-startup,fractionaljobs
,A SaaS Startup for Restaurants,Remote,,,https://www.fractionaljobs.io/jobs/head-of-sales-at-a-saas-startup-for-restaurants,fractionaljobs
,A Consumer Gen AI Startup,Remote,,,https://www.fractionaljobs.io/jobs/senior-frontend-engineer-at-a-consumer-gen-ai-startup,fractionaljobs
